origin,train_end,step,target_date,y_true,y_pred,insample_scale,modelo
2020-12-01,2020-12-01,1,2021-01-01,16543166.329284055,18785447.941981673,5553458.677585753,Naive
2020-12-01,2020-12-01,2,2021-02-01,14407952.673525412,18663440.89431152,5553458.677585753,Naive
2020-12-01,2020-12-01,3,2021-03-01,14855886.310192015,15318721.826255413,5553458.677585753,Naive
2020-12-01,2020-12-01,4,2021-04-01,15524759.746510506,15523782.74742439,5553458.677585753,Naive
2020-12-01,2020-12-01,5,2021-05-01,15908108.22397056,12686546.557102365,5553458.677585753,Naive
2020-12-01,2020-12-01,6,2021-06-01,16430714.61503123,11660013.98178747,5553458.677585753,Naive
2020-12-01,2020-12-01,7,2021-07-01,15765340.012123786,13758716.764084388,5553458.677585753,Naive
2020-12-01,2020-12-01,8,2021-08-01,17793395.258316882,13323316.211153105,5553458.677585753,Naive
2020-12-01,2020-12-01,9,2021-09-01,17701014.731764168,13966334.13123472,5553458.677585753,Naive
2020-12-01,2020-12-01,10,2021-10-01,17758714.841657992,14341882.098049797,5553458.677585753,Naive
2020-12-01,2020-12-01,11,2021-11-01,17407028.491258733,15174929.118296979,5553458.677585753,Naive
2020-12-01,2020-12-01,12,2021-12-01,20432534.845650554,17202586.877394475,5553458.677585753,Naive
2021-01-01,2021-01-01,1,2021-02-01,14407952.673525412,18663440.89431152,5499177.086358078,Naive
2021-01-01,2021-01-01,2,2021-03-01,14855886.310192015,15318721.826255413,5499177.086358078,Naive
2021-01-01,2021-01-01,3,2021-04-01,15524759.746510506,15523782.74742439,5499177.086358078,Naive
2021-01-01,2021-01-01,4,2021-05-01,15908108.22397056,12686546.557102365,5499177.086358078,Naive
2021-01-01,2021-01-01,5,2021-06-01,16430714.61503123,11660013.98178747,5499177.086358078,Naive
2021-01-01,2021-01-01,6,2021-07-01,15765340.012123786,13758716.764084388,5499177.086358078,Naive
2021-01-01,2021-01-01,7,2021-08-01,17793395.258316882,13323316.211153105,5499177.086358078,Naive
2021-01-01,2021-01-01,8,2021-09-01,17701014.731764168,13966334.13123472,5499177.086358078,Naive
2021-01-01,2021-01-01,9,2021-10-01,17758714.841657992,14341882.098049797,5499177.086358078,Naive
2021-01-01,2021-01-01,10,2021-11-01,17407028.491258733,15174929.118296979,5499177.086358078,Naive
2021-01-01,2021-01-01,11,2021-12-01,20432534.845650554,17202586.877394475,5499177.086358078,Naive
2021-01-01,2021-01-01,12,2022-01-01,21092285.296450797,16543166.329284055,5499177.086358078,Naive
2021-02-01,2021-02-01,1,2021-03-01,14855886.310192015,15318721.826255413,5479117.588526272,Naive
2021-02-01,2021-02-01,2,2021-04-01,15524759.746510506,15523782.74742439,5479117.588526272,Naive
2021-02-01,2021-02-01,3,2021-05-01,15908108.22397056,12686546.557102365,5479117.588526272,Naive
2021-02-01,2021-02-01,4,2021-06-01,16430714.61503123,11660013.98178747,5479117.588526272,Naive
2021-02-01,2021-02-01,5,2021-07-01,15765340.012123786,13758716.764084388,5479117.588526272,Naive
2021-02-01,2021-02-01,6,2021-08-01,17793395.258316882,13323316.211153105,5479117.588526272,Naive
2021-02-01,2021-02-01,7,2021-09-01,17701014.731764168,13966334.13123472,5479117.588526272,Naive
2021-02-01,2021-02-01,8,2021-10-01,17758714.841657992,14341882.098049797,5479117.588526272,Naive
2021-02-01,2021-02-01,9,2021-11-01,17407028.491258733,15174929.118296979,5479117.588526272,Naive
2021-02-01,2021-02-01,10,2021-12-01,20432534.845650554,17202586.877394475,5479117.588526272,Naive
2021-02-01,2021-02-01,11,2022-01-01,21092285.296450797,16543166.329284055,5479117.588526272,Naive
2021-02-01,2021-02-01,12,2022-02-01,16186897.483220601,14407952.673525412,5479117.588526272,Naive
2021-03-01,2021-03-01,1,2021-04-01,15524759.746510506,15523782.74742439,5399494.063566544,Naive
2021-03-01,2021-03-01,2,2021-05-01,15908108.22397056,12686546.557102365,5399494.063566544,Naive
2021-03-01,2021-03-01,3,2021-06-01,16430714.61503123,11660013.98178747,5399494.063566544,Naive
2021-03-01,2021-03-01,4,2021-07-01,15765340.012123786,13758716.764084388,5399494.063566544,Naive
2021-03-01,2021-03-01,5,2021-08-01,17793395.258316882,13323316.211153105,5399494.063566544,Naive
2021-03-01,2021-03-01,6,2021-09-01,17701014.731764168,13966334.13123472,5399494.063566544,Naive
2021-03-01,2021-03-01,7,2021-10-01,17758714.841657992,14341882.098049797,5399494.063566544,Naive
2021-03-01,2021-03-01,8,2021-11-01,17407028.491258733,15174929.118296979,5399494.063566544,Naive
2021-03-01,2021-03-01,9,2021-12-01,20432534.845650554,17202586.877394475,5399494.063566544,Naive
2021-03-01,2021-03-01,10,2022-01-01,21092285.296450797,16543166.329284055,5399494.063566544,Naive
2021-03-01,2021-03-01,11,2022-02-01,16186897.483220601,14407952.673525412,5399494.063566544,Naive
2021-03-01,2021-03-01,12,2022-03-01,20609813.782492623,14855886.310192015,5399494.063566544,Naive
2021-04-01,2021-04-01,1,2021-05-01,15908108.22397056,12686546.557102365,5315142.2344340375,Naive
2021-04-01,2021-04-01,2,2021-06-01,16430714.61503123,11660013.98178747,5315142.2344340375,Naive
2021-04-01,2021-04-01,3,2021-07-01,15765340.012123786,13758716.764084388,5315142.2344340375,Naive
2021-04-01,2021-04-01,4,2021-08-01,17793395.258316882,13323316.211153105,5315142.2344340375,Naive
2021-04-01,2021-04-01,5,2021-09-01,17701014.731764168,13966334.13123472,5315142.2344340375,Naive
2021-04-01,2021-04-01,6,2021-10-01,17758714.841657992,14341882.098049797,5315142.2344340375,Naive
2021-04-01,2021-04-01,7,2021-11-01,17407028.491258733,15174929.118296979,5315142.2344340375,Naive
2021-04-01,2021-04-01,8,2021-12-01,20432534.845650554,17202586.877394475,5315142.2344340375,Naive
2021-04-01,2021-04-01,9,2022-01-01,21092285.296450797,16543166.329284055,5315142.2344340375,Naive
2021-04-01,2021-04-01,10,2022-02-01,16186897.483220601,14407952.673525412,5315142.2344340375,Naive
2021-04-01,2021-04-01,11,2022-03-01,20609813.782492623,14855886.310192015,5315142.2344340375,Naive
2021-04-01,2021-04-01,12,2022-04-01,17759980.546359718,15524759.746510506,5315142.2344340375,Naive
2021-05-01,2021-05-01,1,2021-06-01,16430714.61503123,11660013.98178747,5282933.302625332,Naive
2021-05-01,2021-05-01,2,2021-07-01,15765340.012123786,13758716.764084388,5282933.302625332,Naive
2021-05-01,2021-05-01,3,2021-08-01,17793395.258316882,13323316.211153105,5282933.302625332,Naive
2021-05-01,2021-05-01,4,2021-09-01,17701014.731764168,13966334.13123472,5282933.302625332,Naive
2021-05-01,2021-05-01,5,2021-10-01,17758714.841657992,14341882.098049797,5282933.302625332,Naive
2021-05-01,2021-05-01,6,2021-11-01,17407028.491258733,15174929.118296979,5282933.302625332,Naive
2021-05-01,2021-05-01,7,2021-12-01,20432534.845650554,17202586.877394475,5282933.302625332,Naive
2021-05-01,2021-05-01,8,2022-01-01,21092285.296450797,16543166.329284055,5282933.302625332,Naive
2021-05-01,2021-05-01,9,2022-02-01,16186897.483220601,14407952.673525412,5282933.302625332,Naive
2021-05-01,2021-05-01,10,2022-03-01,20609813.782492623,14855886.310192015,5282933.302625332,Naive
2021-05-01,2021-05-01,11,2022-04-01,17759980.546359718,15524759.746510506,5282933.302625332,Naive
2021-05-01,2021-05-01,12,2022-05-01,16931826.340154935,15908108.22397056,5282933.302625332,Naive
2021-06-01,2021-06-01,1,2021-07-01,15765340.012123786,13758716.764084388,5275172.201574096,Naive
2021-06-01,2021-06-01,2,2021-08-01,17793395.258316882,13323316.211153105,5275172.201574096,Naive
2021-06-01,2021-06-01,3,2021-09-01,17701014.731764168,13966334.13123472,5275172.201574096,Naive
2021-06-01,2021-06-01,4,2021-10-01,17758714.841657992,14341882.098049797,5275172.201574096,Naive
2021-06-01,2021-06-01,5,2021-11-01,17407028.491258733,15174929.118296979,5275172.201574096,Naive
2021-06-01,2021-06-01,6,2021-12-01,20432534.845650554,17202586.877394475,5275172.201574096,Naive
2021-06-01,2021-06-01,7,2022-01-01,21092285.296450797,16543166.329284055,5275172.201574096,Naive
2021-06-01,2021-06-01,8,2022-02-01,16186897.483220601,14407952.673525412,5275172.201574096,Naive
2021-06-01,2021-06-01,9,2022-03-01,20609813.782492623,14855886.310192015,5275172.201574096,Naive
2021-06-01,2021-06-01,10,2022-04-01,17759980.546359718,15524759.746510506,5275172.201574096,Naive
2021-06-01,2021-06-01,11,2022-05-01,16931826.340154935,15908108.22397056,5275172.201574096,Naive
2021-06-01,2021-06-01,12,2022-06-01,17868945.717301447,16430714.61503123,5275172.201574096,Naive
2021-07-01,2021-07-01,1,2021-08-01,17793395.258316882,13323316.211153105,5226387.888834773,Naive
2021-07-01,2021-07-01,2,2021-09-01,17701014.731764168,13966334.13123472,5226387.888834773,Naive
2021-07-01,2021-07-01,3,2021-10-01,17758714.841657992,14341882.098049797,5226387.888834773,Naive
2021-07-01,2021-07-01,4,2021-11-01,17407028.491258733,15174929.118296979,5226387.888834773,Naive
2021-07-01,2021-07-01,5,2021-12-01,20432534.845650554,17202586.877394475,5226387.888834773,Naive
2021-07-01,2021-07-01,6,2022-01-01,21092285.296450797,16543166.329284055,5226387.888834773,Naive
2021-07-01,2021-07-01,7,2022-02-01,16186897.483220601,14407952.673525412,5226387.888834773,Naive
2021-07-01,2021-07-01,8,2022-03-01,20609813.782492623,14855886.310192015,5226387.888834773,Naive
2021-07-01,2021-07-01,9,2022-04-01,17759980.546359718,15524759.746510506,5226387.888834773,Naive
2021-07-01,2021-07-01,10,2022-05-01,16931826.340154935,15908108.22397056,5226387.888834773,Naive
2021-07-01,2021-07-01,11,2022-06-01,17868945.717301447,16430714.61503123,5226387.888834773,Naive
2021-07-01,2021-07-01,12,2022-07-01,18361779.51930217,15765340.012123786,5226387.888834773,Naive
2021-08-01,2021-08-01,1,2021-09-01,17701014.731764168,13966334.13123472,5215265.69998667,Naive
2021-08-01,2021-08-01,2,2021-10-01,17758714.841657992,14341882.098049797,5215265.69998667,Naive
2021-08-01,2021-08-01,3,2021-11-01,17407028.491258733,15174929.118296979,5215265.69998667,Naive
2021-08-01,2021-08-01,4,2021-12-01,20432534.845650554,17202586.877394475,5215265.69998667,Naive
2021-08-01,2021-08-01,5,2022-01-01,21092285.296450797,16543166.329284055,5215265.69998667,Naive
2021-08-01,2021-08-01,6,2022-02-01,16186897.483220601,14407952.673525412,5215265.69998667,Naive
2021-08-01,2021-08-01,7,2022-03-01,20609813.782492623,14855886.310192015,5215265.69998667,Naive
2021-08-01,2021-08-01,8,2022-04-01,17759980.546359718,15524759.746510506,5215265.69998667,Naive
2021-08-01,2021-08-01,9,2022-05-01,16931826.340154935,15908108.22397056,5215265.69998667,Naive
2021-08-01,2021-08-01,10,2022-06-01,17868945.717301447,16430714.61503123,5215265.69998667,Naive
2021-08-01,2021-08-01,11,2022-07-01,18361779.51930217,15765340.012123786,5215265.69998667,Naive
2021-08-01,2021-08-01,12,2022-08-01,19637963.915173445,17793395.258316882,5215265.69998667,Naive
2021-09-01,2021-09-01,1,2021-10-01,17758714.841657992,14341882.098049797,5193807.944922072,Naive
2021-09-01,2021-09-01,2,2021-11-01,17407028.491258733,15174929.118296979,5193807.944922072,Naive
2021-09-01,2021-09-01,3,2021-12-01,20432534.845650554,17202586.877394475,5193807.944922072,Naive
2021-09-01,2021-09-01,4,2022-01-01,21092285.296450797,16543166.329284055,5193807.944922072,Naive
2021-09-01,2021-09-01,5,2022-02-01,16186897.483220601,14407952.673525412,5193807.944922072,Naive
2021-09-01,2021-09-01,6,2022-03-01,20609813.782492623,14855886.310192015,5193807.944922072,Naive
2021-09-01,2021-09-01,7,2022-04-01,17759980.546359718,15524759.746510506,5193807.944922072,Naive
2021-09-01,2021-09-01,8,2022-05-01,16931826.340154935,15908108.22397056,5193807.944922072,Naive
2021-09-01,2021-09-01,9,2022-06-01,17868945.717301447,16430714.61503123,5193807.944922072,Naive
2021-09-01,2021-09-01,10,2022-07-01,18361779.51930217,15765340.012123786,5193807.944922072,Naive
2021-09-01,2021-09-01,11,2022-08-01,19637963.915173445,17793395.258316882,5193807.944922072,Naive
2021-09-01,2021-09-01,12,2022-09-01,21330305.533095423,17701014.731764168,5193807.944922072,Naive
2021-10-01,2021-10-01,1,2021-11-01,17407028.491258733,15174929.118296979,5168422.584903303,Naive
2021-10-01,2021-10-01,2,2021-12-01,20432534.845650554,17202586.877394475,5168422.584903303,Naive
2021-10-01,2021-10-01,3,2022-01-01,21092285.296450797,16543166.329284055,5168422.584903303,Naive
2021-10-01,2021-10-01,4,2022-02-01,16186897.483220601,14407952.673525412,5168422.584903303,Naive
2021-10-01,2021-10-01,5,2022-03-01,20609813.782492623,14855886.310192015,5168422.584903303,Naive
2021-10-01,2021-10-01,6,2022-04-01,17759980.546359718,15524759.746510506,5168422.584903303,Naive
2021-10-01,2021-10-01,7,2022-05-01,16931826.340154935,15908108.22397056,5168422.584903303,Naive
2021-10-01,2021-10-01,8,2022-06-01,17868945.717301447,16430714.61503123,5168422.584903303,Naive
2021-10-01,2021-10-01,9,2022-07-01,18361779.51930217,15765340.012123786,5168422.584903303,Naive
2021-10-01,2021-10-01,10,2022-08-01,19637963.915173445,17793395.258316882,5168422.584903303,Naive
2021-10-01,2021-10-01,11,2022-09-01,21330305.533095423,17701014.731764168,5168422.584903303,Naive
2021-10-01,2021-10-01,12,2022-10-01,20448732.012382615,17758714.841657992,5168422.584903303,Naive
2021-11-01,2021-11-01,1,2021-12-01,20432534.845650554,17202586.877394475,5127065.919946379,Naive
2021-11-01,2021-11-01,2,2022-01-01,21092285.296450797,16543166.329284055,5127065.919946379,Naive
2021-11-01,2021-11-01,3,2022-02-01,16186897.483220601,14407952.673525412,5127065.919946379,Naive
2021-11-01,2021-11-01,4,2022-03-01,20609813.782492623,14855886.310192015,5127065.919946379,Naive
2021-11-01,2021-11-01,5,2022-04-01,17759980.546359718,15524759.746510506,5127065.919946379,Naive
2021-11-01,2021-11-01,6,2022-05-01,16931826.340154935,15908108.22397056,5127065.919946379,Naive
2021-11-01,2021-11-01,7,2022-06-01,17868945.717301447,16430714.61503123,5127065.919946379,Naive
2021-11-01,2021-11-01,8,2022-07-01,18361779.51930217,15765340.012123786,5127065.919946379,Naive
2021-11-01,2021-11-01,9,2022-08-01,19637963.915173445,17793395.258316882,5127065.919946379,Naive
2021-11-01,2021-11-01,10,2022-09-01,21330305.533095423,17701014.731764168,5127065.919946379,Naive
2021-11-01,2021-11-01,11,2022-10-01,20448732.012382615,17758714.841657992,5127065.919946379,Naive
2021-11-01,2021-11-01,12,2022-11-01,21417476.473871592,17407028.491258733,5127065.919946379,Naive
2021-12-01,2021-12-01,1,2022-01-01,21092285.296450797,16543166.329284055,5100717.059506236,Naive
2021-12-01,2021-12-01,2,2022-02-01,16186897.483220601,14407952.673525412,5100717.059506236,Naive
2021-12-01,2021-12-01,3,2022-03-01,20609813.782492623,14855886.310192015,5100717.059506236,Naive
2021-12-01,2021-12-01,4,2022-04-01,17759980.546359718,15524759.746510506,5100717.059506236,Naive
2021-12-01,2021-12-01,5,2022-05-01,16931826.340154935,15908108.22397056,5100717.059506236,Naive
2021-12-01,2021-12-01,6,2022-06-01,17868945.717301447,16430714.61503123,5100717.059506236,Naive
2021-12-01,2021-12-01,7,2022-07-01,18361779.51930217,15765340.012123786,5100717.059506236,Naive
2021-12-01,2021-12-01,8,2022-08-01,19637963.915173445,17793395.258316882,5100717.059506236,Naive
2021-12-01,2021-12-01,9,2022-09-01,21330305.533095423,17701014.731764168,5100717.059506236,Naive
2021-12-01,2021-12-01,10,2022-10-01,20448732.012382615,17758714.841657992,5100717.059506236,Naive
2021-12-01,2021-12-01,11,2022-11-01,21417476.473871592,17407028.491258733,5100717.059506236,Naive
2021-12-01,2021-12-01,12,2022-12-01,25036250.719354104,20432534.845650554,5100717.059506236,Naive
2022-01-01,2022-01-01,1,2022-02-01,16186897.483220601,14407952.673525412,5093160.921255009,Naive
2022-01-01,2022-01-01,2,2022-03-01,20609813.782492623,14855886.310192015,5093160.921255009,Naive
2022-01-01,2022-01-01,3,2022-04-01,17759980.546359718,15524759.746510506,5093160.921255009,Naive
2022-01-01,2022-01-01,4,2022-05-01,16931826.340154935,15908108.22397056,5093160.921255009,Naive
2022-01-01,2022-01-01,5,2022-06-01,17868945.717301447,16430714.61503123,5093160.921255009,Naive
2022-01-01,2022-01-01,6,2022-07-01,18361779.51930217,15765340.012123786,5093160.921255009,Naive
2022-01-01,2022-01-01,7,2022-08-01,19637963.915173445,17793395.258316882,5093160.921255009,Naive
2022-01-01,2022-01-01,8,2022-09-01,21330305.533095423,17701014.731764168,5093160.921255009,Naive
2022-01-01,2022-01-01,9,2022-10-01,20448732.012382615,17758714.841657992,5093160.921255009,Naive
2022-01-01,2022-01-01,10,2022-11-01,21417476.473871592,17407028.491258733,5093160.921255009,Naive
2022-01-01,2022-01-01,11,2022-12-01,25036250.719354104,20432534.845650554,5093160.921255009,Naive
2022-01-01,2022-01-01,12,2023-01-01,29157384.457611956,21092285.296450797,5093160.921255009,Naive
2022-02-01,2022-02-01,1,2022-03-01,20609813.782492623,14855886.310192015,5048374.217044742,Naive
2022-02-01,2022-02-01,2,2022-04-01,17759980.546359718,15524759.746510506,5048374.217044742,Naive
2022-02-01,2022-02-01,3,2022-05-01,16931826.340154935,15908108.22397056,5048374.217044742,Naive
2022-02-01,2022-02-01,4,2022-06-01,17868945.717301447,16430714.61503123,5048374.217044742,Naive
2022-02-01,2022-02-01,5,2022-07-01,18361779.51930217,15765340.012123786,5048374.217044742,Naive
2022-02-01,2022-02-01,6,2022-08-01,19637963.915173445,17793395.258316882,5048374.217044742,Naive
2022-02-01,2022-02-01,7,2022-09-01,21330305.533095423,17701014.731764168,5048374.217044742,Naive
2022-02-01,2022-02-01,8,2022-10-01,20448732.012382615,17758714.841657992,5048374.217044742,Naive
2022-02-01,2022-02-01,9,2022-11-01,21417476.473871592,17407028.491258733,5048374.217044742,Naive
2022-02-01,2022-02-01,10,2022-12-01,25036250.719354104,20432534.845650554,5048374.217044742,Naive
2022-02-01,2022-02-01,11,2023-01-01,29157384.457611956,21092285.296450797,5048374.217044742,Naive
2022-02-01,2022-02-01,12,2023-02-01,18854324.324541107,16186897.483220601,5048374.217044742,Naive
2022-03-01,2022-03-01,1,2022-04-01,17759980.546359718,15524759.746510506,5057781.593781486,Naive
2022-03-01,2022-03-01,2,2022-05-01,16931826.340154935,15908108.22397056,5057781.593781486,Naive
2022-03-01,2022-03-01,3,2022-06-01,17868945.717301447,16430714.61503123,5057781.593781486,Naive
2022-03-01,2022-03-01,4,2022-07-01,18361779.51930217,15765340.012123786,5057781.593781486,Naive
2022-03-01,2022-03-01,5,2022-08-01,19637963.915173445,17793395.258316882,5057781.593781486,Naive
2022-03-01,2022-03-01,6,2022-09-01,21330305.533095423,17701014.731764168,5057781.593781486,Naive
2022-03-01,2022-03-01,7,2022-10-01,20448732.012382615,17758714.841657992,5057781.593781486,Naive
2022-03-01,2022-03-01,8,2022-11-01,21417476.473871592,17407028.491258733,5057781.593781486,Naive
2022-03-01,2022-03-01,9,2022-12-01,25036250.719354104,20432534.845650554,5057781.593781486,Naive
2022-03-01,2022-03-01,10,2023-01-01,29157384.457611956,21092285.296450797,5057781.593781486,Naive
2022-03-01,2022-03-01,11,2023-02-01,18854324.324541107,16186897.483220601,5057781.593781486,Naive
2022-03-01,2022-03-01,12,2023-03-01,20203586.524565566,20609813.782492623,5057781.593781486,Naive
2022-04-01,2022-04-01,1,2022-05-01,16931826.340154935,15908108.22397056,5020642.635966588,Naive
2022-04-01,2022-04-01,2,2022-06-01,17868945.717301447,16430714.61503123,5020642.635966588,Naive
2022-04-01,2022-04-01,3,2022-07-01,18361779.51930217,15765340.012123786,5020642.635966588,Naive
2022-04-01,2022-04-01,4,2022-08-01,19637963.915173445,17793395.258316882,5020642.635966588,Naive
2022-04-01,2022-04-01,5,2022-09-01,21330305.533095423,17701014.731764168,5020642.635966588,Naive
2022-04-01,2022-04-01,6,2022-10-01,20448732.012382615,17758714.841657992,5020642.635966588,Naive
2022-04-01,2022-04-01,7,2022-11-01,21417476.473871592,17407028.491258733,5020642.635966588,Naive
2022-04-01,2022-04-01,8,2022-12-01,25036250.719354104,20432534.845650554,5020642.635966588,Naive
2022-04-01,2022-04-01,9,2023-01-01,29157384.457611956,21092285.296450797,5020642.635966588,Naive
2022-04-01,2022-04-01,10,2023-02-01,18854324.324541107,16186897.483220601,5020642.635966588,Naive
2022-04-01,2022-04-01,11,2023-03-01,20203586.524565566,20609813.782492623,5020642.635966588,Naive
2022-04-01,2022-04-01,12,2023-04-01,23075077.619267482,17759980.546359718,5020642.635966588,Naive
2022-05-01,2022-05-01,1,2022-06-01,17868945.717301447,16430714.61503123,4968734.525320065,Naive
2022-05-01,2022-05-01,2,2022-07-01,18361779.51930217,15765340.012123786,4968734.525320065,Naive
2022-05-01,2022-05-01,3,2022-08-01,19637963.915173445,17793395.258316882,4968734.525320065,Naive
2022-05-01,2022-05-01,4,2022-09-01,21330305.533095423,17701014.731764168,4968734.525320065,Naive
2022-05-01,2022-05-01,5,2022-10-01,20448732.012382615,17758714.841657992,4968734.525320065,Naive
2022-05-01,2022-05-01,6,2022-11-01,21417476.473871592,17407028.491258733,4968734.525320065,Naive
2022-05-01,2022-05-01,7,2022-12-01,25036250.719354104,20432534.845650554,4968734.525320065,Naive
2022-05-01,2022-05-01,8,2023-01-01,29157384.457611956,21092285.296450797,4968734.525320065,Naive
2022-05-01,2022-05-01,9,2023-02-01,18854324.324541107,16186897.483220601,4968734.525320065,Naive
2022-05-01,2022-05-01,10,2023-03-01,20203586.524565566,20609813.782492623,4968734.525320065,Naive
2022-05-01,2022-05-01,11,2023-04-01,23075077.619267482,17759980.546359718,4968734.525320065,Naive
2022-05-01,2022-05-01,12,2023-05-01,18314045.276733518,16931826.340154935,4968734.525320065,Naive
2022-06-01,2022-06-01,1,2022-07-01,18361779.51930217,15765340.012123786,4923471.660921991,Naive
2022-06-01,2022-06-01,2,2022-08-01,19637963.915173445,17793395.258316882,4923471.660921991,Naive
2022-06-01,2022-06-01,3,2022-09-01,21330305.533095423,17701014.731764168,4923471.660921991,Naive
2022-06-01,2022-06-01,4,2022-10-01,20448732.012382615,17758714.841657992,4923471.660921991,Naive
2022-06-01,2022-06-01,5,2022-11-01,21417476.473871592,17407028.491258733,4923471.660921991,Naive
2022-06-01,2022-06-01,6,2022-12-01,25036250.719354104,20432534.845650554,4923471.660921991,Naive
2022-06-01,2022-06-01,7,2023-01-01,29157384.457611956,21092285.296450797,4923471.660921991,Naive
2022-06-01,2022-06-01,8,2023-02-01,18854324.324541107,16186897.483220601,4923471.660921991,Naive
2022-06-01,2022-06-01,9,2023-03-01,20203586.524565566,20609813.782492623,4923471.660921991,Naive
2022-06-01,2022-06-01,10,2023-04-01,23075077.619267482,17759980.546359718,4923471.660921991,Naive
2022-06-01,2022-06-01,11,2023-05-01,18314045.276733518,16931826.340154935,4923471.660921991,Naive
2022-06-01,2022-06-01,12,2023-06-01,19136367.451210137,17868945.717301447,4923471.660921991,Naive
2022-07-01,2022-07-01,1,2022-08-01,19637963.915173445,17793395.258316882,4894015.557710046,Naive
2022-07-01,2022-07-01,2,2022-09-01,21330305.533095423,17701014.731764168,4894015.557710046,Naive
2022-07-01,2022-07-01,3,2022-10-01,20448732.012382615,17758714.841657992,4894015.557710046,Naive
2022-07-01,2022-07-01,4,2022-11-01,21417476.473871592,17407028.491258733,4894015.557710046,Naive
2022-07-01,2022-07-01,5,2022-12-01,25036250.719354104,20432534.845650554,4894015.557710046,Naive
2022-07-01,2022-07-01,6,2023-01-01,29157384.457611956,21092285.296450797,4894015.557710046,Naive
2022-07-01,2022-07-01,7,2023-02-01,18854324.324541107,16186897.483220601,4894015.557710046,Naive
2022-07-01,2022-07-01,8,2023-03-01,20203586.524565566,20609813.782492623,4894015.557710046,Naive
2022-07-01,2022-07-01,9,2023-04-01,23075077.619267482,17759980.546359718,4894015.557710046,Naive
2022-07-01,2022-07-01,10,2023-05-01,18314045.276733518,16931826.340154935,4894015.557710046,Naive
2022-07-01,2022-07-01,11,2023-06-01,19136367.451210137,17868945.717301447,4894015.557710046,Naive
2022-07-01,2022-07-01,12,2023-07-01,21036673.873442713,18361779.51930217,4894015.557710046,Naive
2022-08-01,2022-08-01,1,2022-09-01,21330305.533095423,17701014.731764168,4855897.471449378,Naive
2022-08-01,2022-08-01,2,2022-10-01,20448732.012382615,17758714.841657992,4855897.471449378,Naive
2022-08-01,2022-08-01,3,2022-11-01,21417476.473871592,17407028.491258733,4855897.471449378,Naive
2022-08-01,2022-08-01,4,2022-12-01,25036250.719354104,20432534.845650554,4855897.471449378,Naive
2022-08-01,2022-08-01,5,2023-01-01,29157384.457611956,21092285.296450797,4855897.471449378,Naive
2022-08-01,2022-08-01,6,2023-02-01,18854324.324541107,16186897.483220601,4855897.471449378,Naive
2022-08-01,2022-08-01,7,2023-03-01,20203586.524565566,20609813.782492623,4855897.471449378,Naive
2022-08-01,2022-08-01,8,2023-04-01,23075077.619267482,17759980.546359718,4855897.471449378,Naive
2022-08-01,2022-08-01,9,2023-05-01,18314045.276733518,16931826.340154935,4855897.471449378,Naive
2022-08-01,2022-08-01,10,2023-06-01,19136367.451210137,17868945.717301447,4855897.471449378,Naive
2022-08-01,2022-08-01,11,2023-07-01,21036673.873442713,18361779.51930217,4855897.471449378,Naive
2022-08-01,2022-08-01,12,2023-08-01,21575949.02090314,19637963.915173445,4855897.471449378,Naive
2022-09-01,2022-09-01,1,2022-10-01,20448732.012382615,17758714.841657992,4840754.179225698,Naive
2022-09-01,2022-09-01,2,2022-11-01,21417476.473871592,17407028.491258733,4840754.179225698,Naive
2022-09-01,2022-09-01,3,2022-12-01,25036250.719354104,20432534.845650554,4840754.179225698,Naive
2022-09-01,2022-09-01,4,2023-01-01,29157384.457611956,21092285.296450797,4840754.179225698,Naive
2022-09-01,2022-09-01,5,2023-02-01,18854324.324541107,16186897.483220601,4840754.179225698,Naive
2022-09-01,2022-09-01,6,2023-03-01,20203586.524565566,20609813.782492623,4840754.179225698,Naive
2022-09-01,2022-09-01,7,2023-04-01,23075077.619267482,17759980.546359718,4840754.179225698,Naive
2022-09-01,2022-09-01,8,2023-05-01,18314045.276733518,16931826.340154935,4840754.179225698,Naive
2022-09-01,2022-09-01,9,2023-06-01,19136367.451210137,17868945.717301447,4840754.179225698,Naive
2022-09-01,2022-09-01,10,2023-07-01,21036673.873442713,18361779.51930217,4840754.179225698,Naive
2022-09-01,2022-09-01,11,2023-08-01,21575949.02090314,19637963.915173445,4840754.179225698,Naive
2022-09-01,2022-09-01,12,2023-09-01,20002492.205724116,21330305.533095423,4840754.179225698,Naive
2022-10-01,2022-10-01,1,2022-11-01,21417476.473871592,17407028.491258733,4814525.679122026,Naive
2022-10-01,2022-10-01,2,2022-12-01,25036250.719354104,20432534.845650554,4814525.679122026,Naive
2022-10-01,2022-10-01,3,2023-01-01,29157384.457611956,21092285.296450797,4814525.679122026,Naive
2022-10-01,2022-10-01,4,2023-02-01,18854324.324541107,16186897.483220601,4814525.679122026,Naive
2022-10-01,2022-10-01,5,2023-03-01,20203586.524565566,20609813.782492623,4814525.679122026,Naive
2022-10-01,2022-10-01,6,2023-04-01,23075077.619267482,17759980.546359718,4814525.679122026,Naive
2022-10-01,2022-10-01,7,2023-05-01,18314045.276733518,16931826.340154935,4814525.679122026,Naive
2022-10-01,2022-10-01,8,2023-06-01,19136367.451210137,17868945.717301447,4814525.679122026,Naive
2022-10-01,2022-10-01,9,2023-07-01,21036673.873442713,18361779.51930217,4814525.679122026,Naive
2022-10-01,2022-10-01,10,2023-08-01,21575949.02090314,19637963.915173445,4814525.679122026,Naive
2022-10-01,2022-10-01,11,2023-09-01,20002492.205724116,21330305.533095423,4814525.679122026,Naive
2022-10-01,2022-10-01,12,2023-10-01,20505785.038989563,20448732.012382615,4814525.679122026,Naive
2022-11-01,2022-11-01,1,2022-12-01,25036250.719354104,20432534.845650554,4804837.996031554,Naive
2022-11-01,2022-11-01,2,2023-01-01,29157384.457611956,21092285.296450797,4804837.996031554,Naive
2022-11-01,2022-11-01,3,2023-02-01,18854324.324541107,16186897.483220601,4804837.996031554,Naive
2022-11-01,2022-11-01,4,2023-03-01,20203586.524565566,20609813.782492623,4804837.996031554,Naive
2022-11-01,2022-11-01,5,2023-04-01,23075077.619267482,17759980.546359718,4804837.996031554,Naive
2022-11-01,2022-11-01,6,2023-05-01,18314045.276733518,16931826.340154935,4804837.996031554,Naive
2022-11-01,2022-11-01,7,2023-06-01,19136367.451210137,17868945.717301447,4804837.996031554,Naive
2022-11-01,2022-11-01,8,2023-07-01,21036673.873442713,18361779.51930217,4804837.996031554,Naive
2022-11-01,2022-11-01,9,2023-08-01,21575949.02090314,19637963.915173445,4804837.996031554,Naive
2022-11-01,2022-11-01,10,2023-09-01,20002492.205724116,21330305.533095423,4804837.996031554,Naive
2022-11-01,2022-11-01,11,2023-10-01,20505785.038989563,20448732.012382615,4804837.996031554,Naive
2022-11-01,2022-11-01,12,2023-11-01,25611611.938634984,21417476.473871592,4804837.996031554,Naive
2022-12-01,2022-12-01,1,2023-01-01,29157384.457611956,21092285.296450797,4802443.685051459,Naive
2022-12-01,2022-12-01,2,2023-02-01,18854324.324541107,16186897.483220601,4802443.685051459,Naive
2022-12-01,2022-12-01,3,2023-03-01,20203586.524565566,20609813.782492623,4802443.685051459,Naive
2022-12-01,2022-12-01,4,2023-04-01,23075077.619267482,17759980.546359718,4802443.685051459,Naive
2022-12-01,2022-12-01,5,2023-05-01,18314045.276733518,16931826.340154935,4802443.685051459,Naive
2022-12-01,2022-12-01,6,2023-06-01,19136367.451210137,17868945.717301447,4802443.685051459,Naive
2022-12-01,2022-12-01,7,2023-07-01,21036673.873442713,18361779.51930217,4802443.685051459,Naive
2022-12-01,2022-12-01,8,2023-08-01,21575949.02090314,19637963.915173445,4802443.685051459,Naive
2022-12-01,2022-12-01,9,2023-09-01,20002492.205724116,21330305.533095423,4802443.685051459,Naive
2022-12-01,2022-12-01,10,2023-10-01,20505785.038989563,20448732.012382615,4802443.685051459,Naive
2022-12-01,2022-12-01,11,2023-11-01,25611611.938634984,21417476.473871592,4802443.685051459,Naive
2022-12-01,2022-12-01,12,2023-12-01,23583900.23543129,25036250.719354104,4802443.685051459,Naive
2023-01-01,2023-01-01,1,2023-02-01,18854324.324541107,16186897.483220601,4840827.867123338,Naive
2023-01-01,2023-01-01,2,2023-03-01,20203586.524565566,20609813.782492623,4840827.867123338,Naive
2023-01-01,2023-01-01,3,2023-04-01,23075077.619267482,17759980.546359718,4840827.867123338,Naive
2023-01-01,2023-01-01,4,2023-05-01,18314045.276733518,16931826.340154935,4840827.867123338,Naive
2023-01-01,2023-01-01,5,2023-06-01,19136367.451210137,17868945.717301447,4840827.867123338,Naive
2023-01-01,2023-01-01,6,2023-07-01,21036673.873442713,18361779.51930217,4840827.867123338,Naive
2023-01-01,2023-01-01,7,2023-08-01,21575949.02090314,19637963.915173445,4840827.867123338,Naive
2023-01-01,2023-01-01,8,2023-09-01,20002492.205724116,21330305.533095423,4840827.867123338,Naive
2023-01-01,2023-01-01,9,2023-10-01,20505785.038989563,20448732.012382615,4840827.867123338,Naive
2023-01-01,2023-01-01,10,2023-11-01,25611611.938634984,21417476.473871592,4840827.867123338,Naive
2023-01-01,2023-01-01,11,2023-12-01,23583900.23543129,25036250.719354104,4840827.867123338,Naive
2023-01-01,2023-01-01,12,2024-01-01,22986387.186458543,29157384.457611956,4840827.867123338,Naive
2023-02-01,2023-02-01,1,2023-03-01,20203586.524565566,20609813.782492623,4815555.762172142,Naive
2023-02-01,2023-02-01,2,2023-04-01,23075077.619267482,17759980.546359718,4815555.762172142,Naive
2023-02-01,2023-02-01,3,2023-05-01,18314045.276733518,16931826.340154935,4815555.762172142,Naive
2023-02-01,2023-02-01,4,2023-06-01,19136367.451210137,17868945.717301447,4815555.762172142,Naive
2023-02-01,2023-02-01,5,2023-07-01,21036673.873442713,18361779.51930217,4815555.762172142,Naive
2023-02-01,2023-02-01,6,2023-08-01,21575949.02090314,19637963.915173445,4815555.762172142,Naive
2023-02-01,2023-02-01,7,2023-09-01,20002492.205724116,21330305.533095423,4815555.762172142,Naive
2023-02-01,2023-02-01,8,2023-10-01,20505785.038989563,20448732.012382615,4815555.762172142,Naive
2023-02-01,2023-02-01,9,2023-11-01,25611611.938634984,21417476.473871592,4815555.762172142,Naive
2023-02-01,2023-02-01,10,2023-12-01,23583900.23543129,25036250.719354104,4815555.762172142,Naive
2023-02-01,2023-02-01,11,2024-01-01,22986387.186458543,29157384.457611956,4815555.762172142,Naive
2023-02-01,2023-02-01,12,2024-02-01,23872500.478948027,18854324.324541107,4815555.762172142,Naive
2023-03-01,2023-03-01,1,2023-04-01,23075077.619267482,17759980.546359718,4764873.825341739,Naive
2023-03-01,2023-03-01,2,2023-05-01,18314045.276733518,16931826.340154935,4764873.825341739,Naive
2023-03-01,2023-03-01,3,2023-06-01,19136367.451210137,17868945.717301447,4764873.825341739,Naive
2023-03-01,2023-03-01,4,2023-07-01,21036673.873442713,18361779.51930217,4764873.825341739,Naive
2023-03-01,2023-03-01,5,2023-08-01,21575949.02090314,19637963.915173445,4764873.825341739,Naive
2023-03-01,2023-03-01,6,2023-09-01,20002492.205724116,21330305.533095423,4764873.825341739,Naive
2023-03-01,2023-03-01,7,2023-10-01,20505785.038989563,20448732.012382615,4764873.825341739,Naive
2023-03-01,2023-03-01,8,2023-11-01,25611611.938634984,21417476.473871592,4764873.825341739,Naive
2023-03-01,2023-03-01,9,2023-12-01,23583900.23543129,25036250.719354104,4764873.825341739,Naive
2023-03-01,2023-03-01,10,2024-01-01,22986387.186458543,29157384.457611956,4764873.825341739,Naive
2023-03-01,2023-03-01,11,2024-02-01,23872500.478948027,18854324.324541107,4764873.825341739,Naive
2023-03-01,2023-03-01,12,2024-03-01,21240482.31230949,20203586.524565566,4764873.825341739,Naive
2023-04-01,2023-04-01,1,2023-05-01,18314045.276733518,16931826.340154935,4771126.362245899,Naive
2023-04-01,2023-04-01,2,2023-06-01,19136367.451210137,17868945.717301447,4771126.362245899,Naive
2023-04-01,2023-04-01,3,2023-07-01,21036673.873442713,18361779.51930217,4771126.362245899,Naive
2023-04-01,2023-04-01,4,2023-08-01,21575949.02090314,19637963.915173445,4771126.362245899,Naive
2023-04-01,2023-04-01,5,2023-09-01,20002492.205724116,21330305.533095423,4771126.362245899,Naive
2023-04-01,2023-04-01,6,2023-10-01,20505785.038989563,20448732.012382615,4771126.362245899,Naive
2023-04-01,2023-04-01,7,2023-11-01,25611611.938634984,21417476.473871592,4771126.362245899,Naive
2023-04-01,2023-04-01,8,2023-12-01,23583900.23543129,25036250.719354104,4771126.362245899,Naive
2023-04-01,2023-04-01,9,2024-01-01,22986387.186458543,29157384.457611956,4771126.362245899,Naive
2023-04-01,2023-04-01,10,2024-02-01,23872500.478948027,18854324.324541107,4771126.362245899,Naive
2023-04-01,2023-04-01,11,2024-03-01,21240482.31230949,20203586.524565566,4771126.362245899,Naive
2023-04-01,2023-04-01,12,2024-04-01,22746532.296000022,23075077.619267482,4771126.362245899,Naive
2023-05-01,2023-05-01,1,2023-06-01,19136367.451210137,17868945.717301447,4733048.750721547,Naive
2023-05-01,2023-05-01,2,2023-07-01,21036673.873442713,18361779.51930217,4733048.750721547,Naive
2023-05-01,2023-05-01,3,2023-08-01,21575949.02090314,19637963.915173445,4733048.750721547,Naive
2023-05-01,2023-05-01,4,2023-09-01,20002492.205724116,21330305.533095423,4733048.750721547,Naive
2023-05-01,2023-05-01,5,2023-10-01,20505785.038989563,20448732.012382615,4733048.750721547,Naive
2023-05-01,2023-05-01,6,2023-11-01,25611611.938634984,21417476.473871592,4733048.750721547,Naive
2023-05-01,2023-05-01,7,2023-12-01,23583900.23543129,25036250.719354104,4733048.750721547,Naive
2023-05-01,2023-05-01,8,2024-01-01,22986387.186458543,29157384.457611956,4733048.750721547,Naive
2023-05-01,2023-05-01,9,2024-02-01,23872500.478948027,18854324.324541107,4733048.750721547,Naive
2023-05-01,2023-05-01,10,2024-03-01,21240482.31230949,20203586.524565566,4733048.750721547,Naive
2023-05-01,2023-05-01,11,2024-04-01,22746532.296000022,23075077.619267482,4733048.750721547,Naive
2023-05-01,2023-05-01,12,2024-05-01,19444201.33987925,18314045.276733518,4733048.750721547,Naive
2023-06-01,2023-06-01,1,2023-07-01,21036673.873442713,18361779.51930217,4694541.783868071,Naive
2023-06-01,2023-06-01,2,2023-08-01,21575949.02090314,19637963.915173445,4694541.783868071,Naive
2023-06-01,2023-06-01,3,2023-09-01,20002492.205724116,21330305.533095423,4694541.783868071,Naive
2023-06-01,2023-06-01,4,2023-10-01,20505785.038989563,20448732.012382615,4694541.783868071,Naive
2023-06-01,2023-06-01,5,2023-11-01,25611611.938634984,21417476.473871592,4694541.783868071,Naive
2023-06-01,2023-06-01,6,2023-12-01,23583900.23543129,25036250.719354104,4694541.783868071,Naive
2023-06-01,2023-06-01,7,2024-01-01,22986387.186458543,29157384.457611956,4694541.783868071,Naive
2023-06-01,2023-06-01,8,2024-02-01,23872500.478948027,18854324.324541107,4694541.783868071,Naive
2023-06-01,2023-06-01,9,2024-03-01,21240482.31230949,20203586.524565566,4694541.783868071,Naive
2023-06-01,2023-06-01,10,2024-04-01,22746532.296000022,23075077.619267482,4694541.783868071,Naive
2023-06-01,2023-06-01,11,2024-05-01,19444201.33987925,18314045.276733518,4694541.783868071,Naive
2023-06-01,2023-06-01,12,2024-06-01,16493090.02262242,19136367.451210137,4694541.783868071,Naive
2023-07-01,2023-07-01,1,2023-08-01,21575949.02090314,19637963.915173445,4672347.856068866,Naive
2023-07-01,2023-07-01,2,2023-09-01,20002492.205724116,21330305.533095423,4672347.856068866,Naive
2023-07-01,2023-07-01,3,2023-10-01,20505785.038989563,20448732.012382615,4672347.856068866,Naive
2023-07-01,2023-07-01,4,2023-11-01,25611611.938634984,21417476.473871592,4672347.856068866,Naive
2023-07-01,2023-07-01,5,2023-12-01,23583900.23543129,25036250.719354104,4672347.856068866,Naive
2023-07-01,2023-07-01,6,2024-01-01,22986387.186458543,29157384.457611956,4672347.856068866,Naive
2023-07-01,2023-07-01,7,2024-02-01,23872500.478948027,18854324.324541107,4672347.856068866,Naive
2023-07-01,2023-07-01,8,2024-03-01,21240482.31230949,20203586.524565566,4672347.856068866,Naive
2023-07-01,2023-07-01,9,2024-04-01,22746532.296000022,23075077.619267482,4672347.856068866,Naive
2023-07-01,2023-07-01,10,2024-05-01,19444201.33987925,18314045.276733518,4672347.856068866,Naive
2023-07-01,2023-07-01,11,2024-06-01,16493090.02262242,19136367.451210137,4672347.856068866,Naive
2023-07-01,2023-07-01,12,2024-07-01,19435833.10529593,21036673.873442713,4672347.856068866,Naive
2023-08-01,2023-08-01,1,2023-09-01,20002492.205724116,21330305.533095423,4642626.521826049,Naive
2023-08-01,2023-08-01,2,2023-10-01,20505785.038989563,20448732.012382615,4642626.521826049,Naive
2023-08-01,2023-08-01,3,2023-11-01,25611611.938634984,21417476.473871592,4642626.521826049,Naive
2023-08-01,2023-08-01,4,2023-12-01,23583900.23543129,25036250.719354104,4642626.521826049,Naive
2023-08-01,2023-08-01,5,2024-01-01,22986387.186458543,29157384.457611956,4642626.521826049,Naive
2023-08-01,2023-08-01,6,2024-02-01,23872500.478948027,18854324.324541107,4642626.521826049,Naive
2023-08-01,2023-08-01,7,2024-03-01,21240482.31230949,20203586.524565566,4642626.521826049,Naive
2023-08-01,2023-08-01,8,2024-04-01,22746532.296000022,23075077.619267482,4642626.521826049,Naive
2023-08-01,2023-08-01,9,2024-05-01,19444201.33987925,18314045.276733518,4642626.521826049,Naive
2023-08-01,2023-08-01,10,2024-06-01,16493090.02262242,19136367.451210137,4642626.521826049,Naive
2023-08-01,2023-08-01,11,2024-07-01,19435833.10529593,21036673.873442713,4642626.521826049,Naive
2023-08-01,2023-08-01,12,2024-08-01,19835674.60459411,21575949.02090314,4642626.521826049,Naive
2023-09-01,2023-09-01,1,2023-10-01,20505785.038989563,20448732.012382615,4606983.369197504,Naive
2023-09-01,2023-09-01,2,2023-11-01,25611611.938634984,21417476.473871592,4606983.369197504,Naive
2023-09-01,2023-09-01,3,2023-12-01,23583900.23543129,25036250.719354104,4606983.369197504,Naive
2023-09-01,2023-09-01,4,2024-01-01,22986387.186458543,29157384.457611956,4606983.369197504,Naive
2023-09-01,2023-09-01,5,2024-02-01,23872500.478948027,18854324.324541107,4606983.369197504,Naive
2023-09-01,2023-09-01,6,2024-03-01,21240482.31230949,20203586.524565566,4606983.369197504,Naive
2023-09-01,2023-09-01,7,2024-04-01,22746532.296000022,23075077.619267482,4606983.369197504,Naive
2023-09-01,2023-09-01,8,2024-05-01,19444201.33987925,18314045.276733518,4606983.369197504,Naive
2023-09-01,2023-09-01,9,2024-06-01,16493090.02262242,19136367.451210137,4606983.369197504,Naive
2023-09-01,2023-09-01,10,2024-07-01,19435833.10529593,21036673.873442713,4606983.369197504,Naive
2023-09-01,2023-09-01,11,2024-08-01,19835674.60459411,21575949.02090314,4606983.369197504,Naive
2023-09-01,2023-09-01,12,2024-09-01,17906349.079996813,20002492.205724116,4606983.369197504,Naive
2023-10-01,2023-10-01,1,2023-11-01,25611611.938634984,21417476.473871592,4558579.854914626,Naive
2023-10-01,2023-10-01,2,2023-12-01,23583900.23543129,25036250.719354104,4558579.854914626,Naive
2023-10-01,2023-10-01,3,2024-01-01,22986387.186458543,29157384.457611956,4558579.854914626,Naive
2023-10-01,2023-10-01,4,2024-02-01,23872500.478948027,18854324.324541107,4558579.854914626,Naive
2023-10-01,2023-10-01,5,2024-03-01,21240482.31230949,20203586.524565566,4558579.854914626,Naive
2023-10-01,2023-10-01,6,2024-04-01,22746532.296000022,23075077.619267482,4558579.854914626,Naive
2023-10-01,2023-10-01,7,2024-05-01,19444201.33987925,18314045.276733518,4558579.854914626,Naive
2023-10-01,2023-10-01,8,2024-06-01,16493090.02262242,19136367.451210137,4558579.854914626,Naive
2023-10-01,2023-10-01,9,2024-07-01,19435833.10529593,21036673.873442713,4558579.854914626,Naive
2023-10-01,2023-10-01,10,2024-08-01,19835674.60459411,21575949.02090314,4558579.854914626,Naive
2023-10-01,2023-10-01,11,2024-09-01,17906349.079996813,20002492.205724116,4558579.854914626,Naive
2023-10-01,2023-10-01,12,2024-10-01,20102987.31695594,20505785.038989563,4558579.854914626,Naive
2023-11-01,2023-11-01,1,2023-12-01,23583900.23543129,25036250.719354104,4554743.598176192,Naive
2023-11-01,2023-11-01,2,2024-01-01,22986387.186458543,29157384.457611956,4554743.598176192,Naive
2023-11-01,2023-11-01,3,2024-02-01,23872500.478948027,18854324.324541107,4554743.598176192,Naive
2023-11-01,2023-11-01,4,2024-03-01,21240482.31230949,20203586.524565566,4554743.598176192,Naive
2023-11-01,2023-11-01,5,2024-04-01,22746532.296000022,23075077.619267482,4554743.598176192,Naive
2023-11-01,2023-11-01,6,2024-05-01,19444201.33987925,18314045.276733518,4554743.598176192,Naive
2023-11-01,2023-11-01,7,2024-06-01,16493090.02262242,19136367.451210137,4554743.598176192,Naive
2023-11-01,2023-11-01,8,2024-07-01,19435833.10529593,21036673.873442713,4554743.598176192,Naive
2023-11-01,2023-11-01,9,2024-08-01,19835674.60459411,21575949.02090314,4554743.598176192,Naive
2023-11-01,2023-11-01,10,2024-09-01,17906349.079996813,20002492.205724116,4554743.598176192,Naive
2023-11-01,2023-11-01,11,2024-10-01,20102987.31695594,20505785.038989563,4554743.598176192,Naive
2023-11-01,2023-11-01,12,2024-11-01,23924007.188177645,25611611.938634984,4554743.598176192,Naive
2023-12-01,2023-12-01,1,2024-01-01,22986387.186458543,29157384.457611956,4522427.003236053,Naive
2023-12-01,2023-12-01,2,2024-02-01,23872500.478948027,18854324.324541107,4522427.003236053,Naive
2023-12-01,2023-12-01,3,2024-03-01,21240482.31230949,20203586.524565566,4522427.003236053,Naive
2023-12-01,2023-12-01,4,2024-04-01,22746532.296000022,23075077.619267482,4522427.003236053,Naive
2023-12-01,2023-12-01,5,2024-05-01,19444201.33987925,18314045.276733518,4522427.003236053,Naive
2023-12-01,2023-12-01,6,2024-06-01,16493090.02262242,19136367.451210137,4522427.003236053,Naive
2023-12-01,2023-12-01,7,2024-07-01,19435833.10529593,21036673.873442713,4522427.003236053,Naive
2023-12-01,2023-12-01,8,2024-08-01,19835674.60459411,21575949.02090314,4522427.003236053,Naive
2023-12-01,2023-12-01,9,2024-09-01,17906349.079996813,20002492.205724116,4522427.003236053,Naive
2023-12-01,2023-12-01,10,2024-10-01,20102987.31695594,20505785.038989563,4522427.003236053,Naive
2023-12-01,2023-12-01,11,2024-11-01,23924007.188177645,25611611.938634984,4522427.003236053,Naive
2023-12-01,2023-12-01,12,2024-12-01,23738153.513783302,23583900.23543129,4522427.003236053,Naive
2024-01-01,2024-01-01,1,2024-02-01,23872500.478948027,18854324.324541107,4539422.573008397,Naive
2024-01-01,2024-01-01,2,2024-03-01,21240482.31230949,20203586.524565566,4539422.573008397,Naive
2024-01-01,2024-01-01,3,2024-04-01,22746532.296000022,23075077.619267482,4539422.573008397,Naive
2024-01-01,2024-01-01,4,2024-05-01,19444201.33987925,18314045.276733518,4539422.573008397,Naive
2024-01-01,2024-01-01,5,2024-06-01,16493090.02262242,19136367.451210137,4539422.573008397,Naive
2024-01-01,2024-01-01,6,2024-07-01,19435833.10529593,21036673.873442713,4539422.573008397,Naive
2024-01-01,2024-01-01,7,2024-08-01,19835674.60459411,21575949.02090314,4539422.573008397,Naive
2024-01-01,2024-01-01,8,2024-09-01,17906349.079996813,20002492.205724116,4539422.573008397,Naive
2024-01-01,2024-01-01,9,2024-10-01,20102987.31695594,20505785.038989563,4539422.573008397,Naive
2024-01-01,2024-01-01,10,2024-11-01,23924007.188177645,25611611.938634984,4539422.573008397,Naive
2024-01-01,2024-01-01,11,2024-12-01,23738153.513783302,23583900.23543129,4539422.573008397,Naive
2024-01-01,2024-01-01,12,2025-01-01,23623568.323823698,22986387.186458543,4539422.573008397,Naive
2024-02-01,2024-02-01,1,2024-03-01,21240482.31230949,20203586.524565566,4544307.813634912,Naive
2024-02-01,2024-02-01,2,2024-04-01,22746532.296000022,23075077.619267482,4544307.813634912,Naive
2024-02-01,2024-02-01,3,2024-05-01,19444201.33987925,18314045.276733518,4544307.813634912,Naive
2024-02-01,2024-02-01,4,2024-06-01,16493090.02262242,19136367.451210137,4544307.813634912,Naive
2024-02-01,2024-02-01,5,2024-07-01,19435833.10529593,21036673.873442713,4544307.813634912,Naive
2024-02-01,2024-02-01,6,2024-08-01,19835674.60459411,21575949.02090314,4544307.813634912,Naive
2024-02-01,2024-02-01,7,2024-09-01,17906349.079996813,20002492.205724116,4544307.813634912,Naive
2024-02-01,2024-02-01,8,2024-10-01,20102987.31695594,20505785.038989563,4544307.813634912,Naive
2024-02-01,2024-02-01,9,2024-11-01,23924007.188177645,25611611.938634984,4544307.813634912,Naive
2024-02-01,2024-02-01,10,2024-12-01,23738153.513783302,23583900.23543129,4544307.813634912,Naive
2024-02-01,2024-02-01,11,2025-01-01,23623568.323823698,22986387.186458543,4544307.813634912,Naive
2024-02-01,2024-02-01,12,2025-02-01,20422464.894915722,23872500.478948027,4544307.813634912,Naive
2024-03-01,2024-03-01,1,2024-04-01,22746532.296000022,23075077.619267482,4508879.409332983,Naive
2024-03-01,2024-03-01,2,2024-05-01,19444201.33987925,18314045.276733518,4508879.409332983,Naive
2024-03-01,2024-03-01,3,2024-06-01,16493090.02262242,19136367.451210137,4508879.409332983,Naive
2024-03-01,2024-03-01,4,2024-07-01,19435833.10529593,21036673.873442713,4508879.409332983,Naive
2024-03-01,2024-03-01,5,2024-08-01,19835674.60459411,21575949.02090314,4508879.409332983,Naive
2024-03-01,2024-03-01,6,2024-09-01,17906349.079996813,20002492.205724116,4508879.409332983,Naive
2024-03-01,2024-03-01,7,2024-10-01,20102987.31695594,20505785.038989563,4508879.409332983,Naive
2024-03-01,2024-03-01,8,2024-11-01,23924007.188177645,25611611.938634984,4508879.409332983,Naive
2024-03-01,2024-03-01,9,2024-12-01,23738153.513783302,23583900.23543129,4508879.409332983,Naive
2024-03-01,2024-03-01,10,2025-01-01,23623568.323823698,22986387.186458543,4508879.409332983,Naive
2024-03-01,2024-03-01,11,2025-02-01,20422464.894915722,23872500.478948027,4508879.409332983,Naive
2024-03-01,2024-03-01,12,2025-03-01,19211250.317555815,21240482.31230949,4508879.409332983,Naive
2024-04-01,2024-04-01,1,2024-05-01,19444201.33987925,18314045.276733518,4467076.068472328,Naive
2024-04-01,2024-04-01,2,2024-06-01,16493090.02262242,19136367.451210137,4467076.068472328,Naive
2024-04-01,2024-04-01,3,2024-07-01,19435833.10529593,21036673.873442713,4467076.068472328,Naive
2024-04-01,2024-04-01,4,2024-08-01,19835674.60459411,21575949.02090314,4467076.068472328,Naive
2024-04-01,2024-04-01,5,2024-09-01,17906349.079996813,20002492.205724116,4467076.068472328,Naive
2024-04-01,2024-04-01,6,2024-10-01,20102987.31695594,20505785.038989563,4467076.068472328,Naive
2024-04-01,2024-04-01,7,2024-11-01,23924007.188177645,25611611.938634984,4467076.068472328,Naive
2024-04-01,2024-04-01,8,2024-12-01,23738153.513783302,23583900.23543129,4467076.068472328,Naive
2024-04-01,2024-04-01,9,2025-01-01,23623568.323823698,22986387.186458543,4467076.068472328,Naive
2024-04-01,2024-04-01,10,2025-02-01,20422464.894915722,23872500.478948027,4467076.068472328,Naive
2024-04-01,2024-04-01,11,2025-03-01,19211250.317555815,21240482.31230949,4467076.068472328,Naive
2024-04-01,2024-04-01,12,2025-04-01,20064010.88338034,22746532.296000022,4467076.068472328,Naive
2024-05-01,2024-05-01,1,2024-06-01,16493090.02262242,19136367.451210137,4434037.256538401,Naive
2024-05-01,2024-05-01,2,2024-07-01,19435833.10529593,21036673.873442713,4434037.256538401,Naive
2024-05-01,2024-05-01,3,2024-08-01,19835674.60459411,21575949.02090314,4434037.256538401,Naive
2024-05-01,2024-05-01,4,2024-09-01,17906349.079996813,20002492.205724116,4434037.256538401,Naive
2024-05-01,2024-05-01,5,2024-10-01,20102987.31695594,20505785.038989563,4434037.256538401,Naive
2024-05-01,2024-05-01,6,2024-11-01,23924007.188177645,25611611.938634984,4434037.256538401,Naive
2024-05-01,2024-05-01,7,2024-12-01,23738153.513783302,23583900.23543129,4434037.256538401,Naive
2024-05-01,2024-05-01,8,2025-01-01,23623568.323823698,22986387.186458543,4434037.256538401,Naive
2024-05-01,2024-05-01,9,2025-02-01,20422464.894915722,23872500.478948027,4434037.256538401,Naive
2024-05-01,2024-05-01,10,2025-03-01,19211250.317555815,21240482.31230949,4434037.256538401,Naive
2024-05-01,2024-05-01,11,2025-04-01,20064010.88338034,22746532.296000022,4434037.256538401,Naive
2024-05-01,2024-05-01,12,2025-05-01,23108414.164161336,19444201.33987925,4434037.256538401,Naive
2024-06-01,2024-06-01,1,2024-07-01,19435833.10529593,21036673.873442713,4416480.787636924,Naive
2024-06-01,2024-06-01,2,2024-08-01,19835674.60459411,21575949.02090314,4416480.787636924,Naive
2024-06-01,2024-06-01,3,2024-09-01,17906349.079996813,20002492.205724116,4416480.787636924,Naive
2024-06-01,2024-06-01,4,2024-10-01,20102987.31695594,20505785.038989563,4416480.787636924,Naive
2024-06-01,2024-06-01,5,2024-11-01,23924007.188177645,25611611.938634984,4416480.787636924,Naive
2024-06-01,2024-06-01,6,2024-12-01,23738153.513783302,23583900.23543129,4416480.787636924,Naive
2024-06-01,2024-06-01,7,2025-01-01,23623568.323823698,22986387.186458543,4416480.787636924,Naive
2024-06-01,2024-06-01,8,2025-02-01,20422464.894915722,23872500.478948027,4416480.787636924,Naive
2024-06-01,2024-06-01,9,2025-03-01,19211250.317555815,21240482.31230949,4416480.787636924,Naive
2024-06-01,2024-06-01,10,2025-04-01,20064010.88338034,22746532.296000022,4416480.787636924,Naive
2024-06-01,2024-06-01,11,2025-05-01,23108414.164161336,19444201.33987925,4416480.787636924,Naive
2024-06-01,2024-06-01,12,2025-06-01,25608048.4628075,16493090.02262242,4416480.787636924,Naive
2024-07-01,2024-07-01,1,2024-08-01,19835674.60459411,21575949.02090314,4389144.476768088,Naive
2024-07-01,2024-07-01,2,2024-09-01,17906349.079996813,20002492.205724116,4389144.476768088,Naive
2024-07-01,2024-07-01,3,2024-10-01,20102987.31695594,20505785.038989563,4389144.476768088,Naive
2024-07-01,2024-07-01,4,2024-11-01,23924007.188177645,25611611.938634984,4389144.476768088,Naive
2024-07-01,2024-07-01,5,2024-12-01,23738153.513783302,23583900.23543129,4389144.476768088,Naive
2024-07-01,2024-07-01,6,2025-01-01,23623568.323823698,22986387.186458543,4389144.476768088,Naive
2024-07-01,2024-07-01,7,2025-02-01,20422464.894915722,23872500.478948027,4389144.476768088,Naive
2024-07-01,2024-07-01,8,2025-03-01,19211250.317555815,21240482.31230949,4389144.476768088,Naive
2024-07-01,2024-07-01,9,2025-04-01,20064010.88338034,22746532.296000022,4389144.476768088,Naive
2024-07-01,2024-07-01,10,2025-05-01,23108414.164161336,19444201.33987925,4389144.476768088,Naive
2024-07-01,2024-07-01,11,2025-06-01,25608048.4628075,16493090.02262242,4389144.476768088,Naive
2024-07-01,2024-07-01,12,2025-07-01,21995204.621536642,19435833.10529593,4389144.476768088,Naive
2024-08-01,2024-08-01,1,2024-09-01,17906349.079996813,20002492.205724116,4363674.5723405965,Naive
2024-08-01,2024-08-01,2,2024-10-01,20102987.31695594,20505785.038989563,4363674.5723405965,Naive
2024-08-01,2024-08-01,3,2024-11-01,23924007.188177645,25611611.938634984,4363674.5723405965,Naive
2024-08-01,2024-08-01,4,2024-12-01,23738153.513783302,23583900.23543129,4363674.5723405965,Naive
2024-08-01,2024-08-01,5,2025-01-01,23623568.323823698,22986387.186458543,4363674.5723405965,Naive
2024-08-01,2024-08-01,6,2025-02-01,20422464.894915722,23872500.478948027,4363674.5723405965,Naive
2024-08-01,2024-08-01,7,2025-03-01,19211250.317555815,21240482.31230949,4363674.5723405965,Naive
2024-08-01,2024-08-01,8,2025-04-01,20064010.88338034,22746532.296000022,4363674.5723405965,Naive
2024-08-01,2024-08-01,9,2025-05-01,23108414.164161336,19444201.33987925,4363674.5723405965,Naive
2024-08-01,2024-08-01,10,2025-06-01,25608048.4628075,16493090.02262242,4363674.5723405965,Naive
2024-08-01,2024-08-01,11,2025-07-01,21995204.621536642,19435833.10529593,4363674.5723405965,Naive
2024-08-01,2024-08-01,12,2025-08-01,21128408.23347808,19835674.60459411,4363674.5723405965,Naive
2024-09-01,2024-09-01,1,2024-10-01,20102987.31695594,20505785.038989563,4342079.034753803,Naive
2024-09-01,2024-09-01,2,2024-11-01,23924007.188177645,25611611.938634984,4342079.034753803,Naive
2024-09-01,2024-09-01,3,2024-12-01,23738153.513783302,23583900.23543129,4342079.034753803,Naive
2024-09-01,2024-09-01,4,2025-01-01,23623568.323823698,22986387.186458543,4342079.034753803,Naive
2024-09-01,2024-09-01,5,2025-02-01,20422464.894915722,23872500.478948027,4342079.034753803,Naive
2024-09-01,2024-09-01,6,2025-03-01,19211250.317555815,21240482.31230949,4342079.034753803,Naive
2024-09-01,2024-09-01,7,2025-04-01,20064010.88338034,22746532.296000022,4342079.034753803,Naive
2024-09-01,2024-09-01,8,2025-05-01,23108414.164161336,19444201.33987925,4342079.034753803,Naive
2024-09-01,2024-09-01,9,2025-06-01,25608048.4628075,16493090.02262242,4342079.034753803,Naive
2024-09-01,2024-09-01,10,2025-07-01,21995204.621536642,19435833.10529593,4342079.034753803,Naive
2024-09-01,2024-09-01,11,2025-08-01,21128408.23347808,19835674.60459411,4342079.034753803,Naive
2024-09-01,2024-09-01,12,2025-09-01,24511070.04857661,17906349.079996813,4342079.034753803,Naive
2024-10-01,2024-10-01,1,2024-11-01,23924007.188177645,25611611.938634984,4304916.003501725,Naive
2024-10-01,2024-10-01,2,2024-12-01,23738153.513783302,23583900.23543129,4304916.003501725,Naive
2024-10-01,2024-10-01,3,2025-01-01,23623568.323823698,22986387.186458543,4304916.003501725,Naive
2024-10-01,2024-10-01,4,2025-02-01,20422464.894915722,23872500.478948027,4304916.003501725,Naive
2024-10-01,2024-10-01,5,2025-03-01,19211250.317555815,21240482.31230949,4304916.003501725,Naive
2024-10-01,2024-10-01,6,2025-04-01,20064010.88338034,22746532.296000022,4304916.003501725,Naive
2024-10-01,2024-10-01,7,2025-05-01,23108414.164161336,19444201.33987925,4304916.003501725,Naive
2024-10-01,2024-10-01,8,2025-06-01,25608048.4628075,16493090.02262242,4304916.003501725,Naive
2024-10-01,2024-10-01,9,2025-07-01,21995204.621536642,19435833.10529593,4304916.003501725,Naive
2024-10-01,2024-10-01,10,2025-08-01,21128408.23347808,19835674.60459411,4304916.003501725,Naive
2024-10-01,2024-10-01,11,2025-09-01,24511070.04857661,17906349.079996813,4304916.003501725,Naive
2024-10-01,2024-10-01,12,2025-10-01,22282587.251372285,20102987.31695594,4304916.003501725,Naive
2024-11-01,2024-11-01,1,2024-12-01,23738153.513783302,23583900.23543129,4280455.150669536,Naive
2024-11-01,2024-11-01,2,2025-01-01,23623568.323823698,22986387.186458543,4280455.150669536,Naive
2024-11-01,2024-11-01,3,2025-02-01,20422464.894915722,23872500.478948027,4280455.150669536,Naive
2024-11-01,2024-11-01,4,2025-03-01,19211250.317555815,21240482.31230949,4280455.150669536,Naive
2024-11-01,2024-11-01,5,2025-04-01,20064010.88338034,22746532.296000022,4280455.150669536,Naive
2024-11-01,2024-11-01,6,2025-05-01,23108414.164161336,19444201.33987925,4280455.150669536,Naive
2024-11-01,2024-11-01,7,2025-06-01,25608048.4628075,16493090.02262242,4280455.150669536,Naive
2024-11-01,2024-11-01,8,2025-07-01,21995204.621536642,19435833.10529593,4280455.150669536,Naive
2024-11-01,2024-11-01,9,2025-08-01,21128408.23347808,19835674.60459411,4280455.150669536,Naive
2024-11-01,2024-11-01,10,2025-09-01,24511070.04857661,17906349.079996813,4280455.150669536,Naive
2024-11-01,2024-11-01,11,2025-10-01,22282587.251372285,20102987.31695594,4280455.150669536,Naive
2024-11-01,2024-11-01,12,2025-11-01,25054929.950006504,23924007.188177645,4280455.150669536,Naive
2024-12-01,2024-12-01,1,2025-01-01,23623568.323823698,22986387.186458543,4242249.577777706,Naive
2024-12-01,2024-12-01,2,2025-02-01,20422464.894915722,23872500.478948027,4242249.577777706,Naive
2024-12-01,2024-12-01,3,2025-03-01,19211250.317555815,21240482.31230949,4242249.577777706,Naive
2024-12-01,2024-12-01,4,2025-04-01,20064010.88338034,22746532.296000022,4242249.577777706,Naive
2024-12-01,2024-12-01,5,2025-05-01,23108414.164161336,19444201.33987925,4242249.577777706,Naive
2024-12-01,2024-12-01,6,2025-06-01,25608048.4628075,16493090.02262242,4242249.577777706,Naive
2024-12-01,2024-12-01,7,2025-07-01,21995204.621536642,19435833.10529593,4242249.577777706,Naive
2024-12-01,2024-12-01,8,2025-08-01,21128408.23347808,19835674.60459411,4242249.577777706,Naive
2024-12-01,2024-12-01,9,2025-09-01,24511070.04857661,17906349.079996813,4242249.577777706,Naive
2024-12-01,2024-12-01,10,2025-10-01,22282587.251372285,20102987.31695594,4242249.577777706,Naive
2024-12-01,2024-12-01,11,2025-11-01,25054929.950006504,23924007.188177645,4242249.577777706,Naive
2024-12-01,2024-12-01,12,2025-12-01,34645157.78,23738153.513783302,4242249.577777706,Naive
2025-01-01,2025-01-01,1,2025-02-01,20422464.894915722,23872500.478948027,4209175.555388601,Naive
2025-01-01,2025-01-01,2,2025-03-01,19211250.317555815,21240482.31230949,4209175.555388601,Naive
2025-01-01,2025-01-01,3,2025-04-01,20064010.88338034,22746532.296000022,4209175.555388601,Naive
2025-01-01,2025-01-01,4,2025-05-01,23108414.164161336,19444201.33987925,4209175.555388601,Naive
2025-01-01,2025-01-01,5,2025-06-01,25608048.4628075,16493090.02262242,4209175.555388601,Naive
2025-01-01,2025-01-01,6,2025-07-01,21995204.621536642,19435833.10529593,4209175.555388601,Naive
2025-01-01,2025-01-01,7,2025-08-01,21128408.23347808,19835674.60459411,4209175.555388601,Naive
2025-01-01,2025-01-01,8,2025-09-01,24511070.04857661,17906349.079996813,4209175.555388601,Naive
2025-01-01,2025-01-01,9,2025-10-01,22282587.251372285,20102987.31695594,4209175.555388601,Naive
2025-01-01,2025-01-01,10,2025-11-01,25054929.950006504,23924007.188177645,4209175.555388601,Naive
2025-01-01,2025-01-01,11,2025-12-01,34645157.78,23738153.513783302,4209175.555388601,Naive
2025-02-01,2025-02-01,1,2025-03-01,19211250.317555815,21240482.31230949,4202274.282921725,Naive
2025-02-01,2025-02-01,2,2025-04-01,20064010.88338034,22746532.296000022,4202274.282921725,Naive
2025-02-01,2025-02-01,3,2025-05-01,23108414.164161336,19444201.33987925,4202274.282921725,Naive
2025-02-01,2025-02-01,4,2025-06-01,25608048.4628075,16493090.02262242,4202274.282921725,Naive
2025-02-01,2025-02-01,5,2025-07-01,21995204.621536642,19435833.10529593,4202274.282921725,Naive
2025-02-01,2025-02-01,6,2025-08-01,21128408.23347808,19835674.60459411,4202274.282921725,Naive
2025-02-01,2025-02-01,7,2025-09-01,24511070.04857661,17906349.079996813,4202274.282921725,Naive
2025-02-01,2025-02-01,8,2025-10-01,22282587.251372285,20102987.31695594,4202274.282921725,Naive
2025-02-01,2025-02-01,9,2025-11-01,25054929.950006504,23924007.188177645,4202274.282921725,Naive
2025-02-01,2025-02-01,10,2025-12-01,34645157.78,23738153.513783302,4202274.282921725,Naive
2025-03-01,2025-03-01,1,2025-04-01,20064010.88338034,22746532.296000022,4182697.3253706614,Naive
2025-03-01,2025-03-01,2,2025-05-01,23108414.164161336,19444201.33987925,4182697.3253706614,Naive
2025-03-01,2025-03-01,3,2025-06-01,25608048.4628075,16493090.02262242,4182697.3253706614,Naive
2025-03-01,2025-03-01,4,2025-07-01,21995204.621536642,19435833.10529593,4182697.3253706614,Naive
2025-03-01,2025-03-01,5,2025-08-01,21128408.23347808,19835674.60459411,4182697.3253706614,Naive
2025-03-01,2025-03-01,6,2025-09-01,24511070.04857661,17906349.079996813,4182697.3253706614,Naive
2025-03-01,2025-03-01,7,2025-10-01,22282587.251372285,20102987.31695594,4182697.3253706614,Naive
2025-03-01,2025-03-01,8,2025-11-01,25054929.950006504,23924007.188177645,4182697.3253706614,Naive
2025-03-01,2025-03-01,9,2025-12-01,34645157.78,23738153.513783302,4182697.3253706614,Naive
2025-04-01,2025-04-01,1,2025-05-01,23108414.164161336,19444201.33987925,4169302.8975782422,Naive
2025-04-01,2025-04-01,2,2025-06-01,25608048.4628075,16493090.02262242,4169302.8975782422,Naive
2025-04-01,2025-04-01,3,2025-07-01,21995204.621536642,19435833.10529593,4169302.8975782422,Naive
2025-04-01,2025-04-01,4,2025-08-01,21128408.23347808,19835674.60459411,4169302.8975782422,Naive
2025-04-01,2025-04-01,5,2025-09-01,24511070.04857661,17906349.079996813,4169302.8975782422,Naive
2025-04-01,2025-04-01,6,2025-10-01,22282587.251372285,20102987.31695594,4169302.8975782422,Naive
2025-04-01,2025-04-01,7,2025-11-01,25054929.950006504,23924007.188177645,4169302.8975782422,Naive
2025-04-01,2025-04-01,8,2025-12-01,34645157.78,23738153.513783302,4169302.8975782422,Naive
2025-05-01,2025-05-01,1,2025-06-01,25608048.4628075,16493090.02262242,4164833.0739207543,Naive
2025-05-01,2025-05-01,2,2025-07-01,21995204.621536642,19435833.10529593,4164833.0739207543,Naive
2025-05-01,2025-05-01,3,2025-08-01,21128408.23347808,19835674.60459411,4164833.0739207543,Naive
2025-05-01,2025-05-01,4,2025-09-01,24511070.04857661,17906349.079996813,4164833.0739207543,Naive
2025-05-01,2025-05-01,5,2025-10-01,22282587.251372285,20102987.31695594,4164833.0739207543,Naive
2025-05-01,2025-05-01,6,2025-11-01,25054929.950006504,23924007.188177645,4164833.0739207543,Naive
2025-05-01,2025-05-01,7,2025-12-01,34645157.78,23738153.513783302,4164833.0739207543,Naive
2025-06-01,2025-06-01,1,2025-07-01,21995204.621536642,19435833.10529593,4208255.226256406,Naive
2025-06-01,2025-06-01,2,2025-08-01,21128408.23347808,19835674.60459411,4208255.226256406,Naive
2025-06-01,2025-06-01,3,2025-09-01,24511070.04857661,17906349.079996813,4208255.226256406,Naive
2025-06-01,2025-06-01,4,2025-10-01,22282587.251372285,20102987.31695594,4208255.226256406,Naive
2025-06-01,2025-06-01,5,2025-11-01,25054929.950006504,23924007.188177645,4208255.226256406,Naive
2025-06-01,2025-06-01,6,2025-12-01,34645157.78,23738153.513783302,4208255.226256406,Naive
2025-07-01,2025-07-01,1,2025-08-01,21128408.23347808,19835674.60459411,4193917.1070388784,Naive
2025-07-01,2025-07-01,2,2025-09-01,24511070.04857661,17906349.079996813,4193917.1070388784,Naive
2025-07-01,2025-07-01,3,2025-10-01,22282587.251372285,20102987.31695594,4193917.1070388784,Naive
2025-07-01,2025-07-01,4,2025-11-01,25054929.950006504,23924007.188177645,4193917.1070388784,Naive
2025-07-01,2025-07-01,5,2025-12-01,34645157.78,23738153.513783302,4193917.1070388784,Naive
2025-08-01,2025-08-01,1,2025-09-01,24511070.04857661,17906349.079996813,4168906.9046409912,Naive
2025-08-01,2025-08-01,2,2025-10-01,22282587.251372285,20102987.31695594,4168906.9046409912,Naive
2025-08-01,2025-08-01,3,2025-11-01,25054929.950006504,23924007.188177645,4168906.9046409912,Naive
2025-08-01,2025-08-01,4,2025-12-01,34645157.78,23738153.513783302,4168906.9046409912,Naive
2025-09-01,2025-09-01,1,2025-10-01,22282587.251372285,20102987.31695594,4189725.8282643994,Naive
2025-09-01,2025-09-01,2,2025-11-01,25054929.950006504,23924007.188177645,4189725.8282643994,Naive
2025-09-01,2025-09-01,3,2025-12-01,34645157.78,23738153.513783302,4189725.8282643994,Naive
2025-10-01,2025-10-01,1,2025-11-01,25054929.950006504,23924007.188177645,4172690.8630622975,Naive
2025-10-01,2025-10-01,2,2025-12-01,34645157.78,23738153.513783302,4172690.8630622975,Naive
2025-11-01,2025-11-01,1,2025-12-01,34645157.78,23738153.513783302,4147129.786581344,Naive
